range_m,O
0.0,0.0
3.75,0.0
7.5,0.0
11.25,0.0
15.0,0.0
18.75,5.639979282588645e-56
22.5,5.958683383756049e-35
26.25,5.2745103460719406e-23
30.0,9.535790689455937e-16
33.75,4.060735288936386e-11
37.5,4.701800371858935e-08
41.25,5.724929179783517e-06
45.0,0.00016168981541660556
48.75,0.0017190069484928304
52.5,0.009357781114706374
56.25,0.03191361456679514
60.0,0.0781015456063096
63.75,0.15059438312503814
67.5,0.24427197398936062
71.25,0.3492217295601507
75.0,0.45506664548995557
78.75,0.5538549355830804
82.5,0.6409473829093483
86.25,0.7145905550743902
90.0,0.7750060966571493
93.75,0.8235123625751094
97.5,0.8618779112393702
101.25,0.8919220436666795
105.0,0.9153059916438813
108.75,0.9334481551332234
112.5,0.9475101292666988
116.25,0.9584177804128415
120.0,0.9668960430390448
123.75,0.9735059795114236
127.5,0.9786786932777737
131.25,0.9827440795274539
135.0,0.9859541365486773
138.75,0.9885013470725756
142.5,0.9905329140587913
146.25,0.9921616587123967
150.0,0.9934743028174051
153.75,0.9945377365963894
157.5,0.9954037524371304
161.25,0.9961126185159674
165.0,0.9966957787837054
168.75,0.9971778963793928
172.5,0.997578403842451
176.25,0.9979126825920566
180.0,0.9981929632993354
183.75,0.9984290156675524
187.5,0.9986286788847225
191.25,0.9987982711606271
195.0,0.9989429071894854
198.75,0.9990667452486856
202.5,0.9991731803238857
206.25,0.9992649956739229
210.0,0.9993444822690123
213.75,0.9994135332965985
217.5,0.9994737192416364
221.25,0.9995263477720909
225.0,0.9995725116923494
228.75,0.999613127490226
232.5,0.9996489664401007
236.25,0.9996806797929226
240.0,0.9997088192514887
243.75,0.999733853672699
247.5,0.9997561827395157
251.25,0.999776148190513
255.0,0.9997940430740202
258.75,0.9998101193991362
262.5,0.9998245944813924
266.25,0.999837656222074
270.0,0.9998494675136613
273.75,0.9998601699268855
277.5,0.9998698868054261
281.25,0.999878725870706
285.0,0.9998867814203481
288.75,0.9998941361886379
292.5,0.9999008629250558
296.25,0.9999070257370177
300.0,0.9999126812348746
303.75,0.9999178795106568
307.5,0.9999226649766827
311.25,0.9999270770857545
315.0,0.9999311509510499
318.75,0.9999349178808571
322.5,0.9999384058408358
326.25,0.9999416398544704
330.0,0.9999446423506821
333.75,0.999947433466184
337.5,0.9999500313089721
341.25,0.9999524521884016
345.0,0.9999547108164488
348.75,0.999956820484087
352.5,0.9999587932161398
356.25,0.9999606399074612
360.0,0.999962370442908
363.75,0.9999639938032039
367.5,0.999965518158507
371.25,0.9999669509512428
375.0,0.9999682989695456
378.75,0.999969568412475
382.5,0.9999707649480106
386.25,0.9999718937647064
390.0,0.9999729596177567
393.75,0.9999739668701393
397.5,0.9999749195294138
401.25,0.9999758212806737
405.0,0.9999766755160963
408.75,0.9999774853614743
412.5,0.9999782537000682
416.25,0.9999789831940759
420.0,0.9999796763039802
423.75,0.9999803353060079
427.5,0.9999809623078987
431.25,0.9999815592631665
435.0,0.9999821279840115
438.75,0.9999826701530216
442.5,0.9999831873337921
446.25,0.9999836809805679
450.0,0.999984152447014
453.75,0.9999846029941949
457.5,0.9999850337978462
461.25,0.9999854459550055
465.0,0.9999858404900643
468.75,0.9999862183602993
472.5,0.9999865804609288
476.25,0.9999869276297423
480.0,0.9999872606513429
483.75,0.9999875802610358
487.5,0.9999878871483977
491.25,0.9999881819605559
495.0,0.9999884653052029
498.75,0.9999887377533678
502.5,0.9999889998419724
506.25,0.9999892520761833
510.0,0.9999894949315813
513.75,0.9999897288561662
517.5,0.9999899542722062
521.25,0.9999901715779471
525.0,0.9999903811491965
528.75,0.9999905833407842
532.5,0.9999907784879236
536.25,0.9999909669074645
540.0,0.9999911488990624
543.75,0.9999913247462592
547.5,0.9999914947174893
551.25,0.9999916590670147
555.0,0.999991818035793
558.75,0.9999919718522859
562.5,0.9999921207332158
566.25,0.9999922648842618
570.0,0.9999924045007189
573.75,0.9999925397681053
577.5,0.9999926708627337
581.25,0.9999927979522424
585.0,0.9999929211960932
588.75,0.9999930407460347
592.5,0.9999931567465389
596.25,0.9999932693352077
600.0,0.9999933786431534
603.75,0.9999934847953559
607.5,0.999993587910999
611.25,0.9999936881037824
615.0,0.9999937854822174
618.75,0.9999938801499042
622.5,0.9999939722057902
626.25,0.9999940617444159
630.0,0.9999941488561438
633.75,0.9999942336273739
637.5,0.9999943161407485
641.25,0.9999943964753429
645.0,0.9999944747068448
648.75,0.9999945509077254
652.5,0.9999946251473999
656.25,0.9999946974923776
660.0,0.9999947680064054
663.75,0.9999948367506013
667.5,0.9999949037835834
671.25,0.9999949691615877
675.0,0.9999950329385842
678.75,0.9999950951663821
682.5,0.9999951558947319
686.25,0.9999952151714232
690.0,0.9999952730423729
693.75,0.9999953295517138
697.5,0.9999953847418737
701.25,0.9999954386536566
705.0,0.9999954913263113
708.75,0.9999955427976049
712.5,0.999995593103887
716.25,0.999995642280152
720.0,0.9999956903601
723.75,0.999995737376192
727.5,0.999995783359704
731.25,0.9999958283407783
735.0,0.9999958723484716
738.75,0.9999959154108011
742.5,0.9999959575547888
746.25,0.9999959988065024
750.0,0.9999960391910964
753.75,0.9999960787328482
757.5,0.999996117455196
761.25,0.9999961553807714
765.0,0.999996192531434
768.75,0.9999962289283002
772.5,0.9999962645917756
776.25,0.9999962995415812
780.0,0.999996333796782
783.75,0.9999963673758124
787.5,0.9999964002965
791.25,0.9999964325760907
795.0,0.9999964642312701
798.75,0.9999964952781852
802.5,0.999996525732466
806.25,0.9999965556092436
810.0,0.9999965849231699
813.75,0.9999966136884362
817.5,0.9999966419187881
821.25,0.9999966696275455
825.0,0.9999966968276147
828.75,0.9999967235315065
832.5,0.9999967497513483
836.25,0.9999967754989008
840.0,0.9999968007855672
843.75,0.9999968256224103
847.5,0.9999968500201616
851.25,0.9999968739892351
855.0,0.9999968975397359
858.75,0.999996920681474
862.5,0.9999969434239734
866.25,0.9999969657764799
870.0,0.9999969877479753
873.75,0.9999970093471817
877.5,0.9999970305825736
881.25,0.9999970514623846
885.0,0.999997071994616
888.75,0.9999970921870452
892.5,0.999997112047232
896.25,0.9999971315825268
900.0,0.9999971508000772
903.75,0.9999971697068347
907.5,0.9999971883095607
911.25,0.9999972066148334
915.0,0.999997224629053
918.75,0.9999972423584483
922.5,0.9999972598090808
926.25,0.9999972769868519
930.0,0.9999972938975061
933.75,0.9999973105466377
937.5,0.999997326939694
941.25,0.9999973430819801
945.0,0.9999973589786646
948.75,0.9999973746347824
952.5,0.9999973900552398
956.25,0.9999974052448175
960.0,0.9999974202081754
963.75,0.9999974349498552
967.5,0.9999974494742846
971.25,0.9999974637857811
975.0,0.9999974778885544
978.75,0.9999974917867105
982.5,0.9999975054842536
986.25,0.9999975189850902
990.0,0.9999975322930318
993.75,0.999997545411797
997.5,0.9999975583450148
1001.25,0.9999975710962269
1005.0,0.9999975836688902
1008.75,0.9999975960663797
1012.5,0.9999976082919901
1016.25,0.9999976203489387
1020.0,0.9999976322403673
1023.75,0.9999976439693439
1027.5,0.9999976555388659
1031.25,0.9999976669518608
1035.0,0.9999976782111887
1038.75,0.9999976893196447
1042.5,0.9999977002799596
1046.25,0.9999977110948021
1050.0,0.9999977217667815
1053.75,0.9999977322984471
1057.5,0.9999977426922922
1061.25,0.9999977529507538
1065.0,0.999997763076215
1068.75,0.9999977730710062
1072.5,0.9999977829374072
1076.25,0.9999977926776464
1080.0,0.9999978022939053
1083.75,0.9999978117883168
1087.5,0.9999978211629686
1091.25,0.9999978304199026
1095.0,0.9999978395611175
1098.75,0.9999978485885697
1102.5,0.9999978575041729
1106.25,0.9999978663098015
1110.0,0.9999978750072901
1113.75,0.9999978835984346
1117.5,0.9999978920849938
1121.25,0.9999979004686892
1125.0,0.9999979087512076
1128.75,0.9999979169342003
1132.5,0.9999979250192853
1136.25,0.999997933008047
1140.0,0.9999979409020382
1143.75,0.9999979487027796
1147.5,0.9999979564117614
1151.25,0.9999979640304438
1155.0,0.999997971560258
1158.75,0.9999979790026066
1162.5,0.9999979863588642
1166.25,0.9999979936303783
1170.0,0.9999980008184699
1173.75,0.999998007924434
1177.5,0.9999980149495407
1181.25,0.9999980218950347
1185.0,0.9999980287621367
1188.75,0.9999980355520447
1192.5,0.9999980422659329
1196.25,0.9999980489049526
1200.0,0.9999980554702341
1203.75,0.9999980619628861
1207.5,0.9999980683839957
1211.25,0.9999980747346299
1215.0,0.9999980810158355
1218.75,0.9999980872286401
1222.5,0.9999980933740518
1226.25,0.9999980994530601
1230.0,0.999998105466636
1233.75,0.999998111415733
1237.5,0.9999981173012866
1241.25,0.9999981231242159
1245.0,0.9999981288854228
1248.75,0.9999981345857928
1252.5,0.9999981402261953
1256.25,0.9999981458074846
1260.0,0.999998151330499
1263.75,0.9999981567960623
1267.5,0.9999981622049833
1271.25,0.999998167558057
1275.0,0.9999981728560636
1278.75,0.99999817809977
1282.5,0.9999981832899297
1286.25,0.9999981884272825
1290.0,0.999998193512556
1293.75,0.9999981985464649
1297.5,0.9999982035297115
1301.25,0.9999982084629858
1305.0,0.9999982133469663
1308.75,0.9999982181823198
1312.5,0.9999982229697016
1316.25,0.9999982277097559
1320.0,0.9999982324031161
1323.75,0.9999982370504048
1327.5,0.9999982416522343
1331.25,0.9999982462092065
1335.0,0.9999982507219132
1338.75,0.9999982551909363
1342.5,0.9999982596168486
1346.25,0.9999982640002124
1350.0,0.9999982683415822
1353.75,0.9999982726415019
1357.5,0.9999982769005074
1361.25,0.9999982811191256
1365.0,0.9999982852978749
1368.75,0.9999982894372654
1372.5,0.9999982935377987
1376.25,0.9999982975999686
1380.0,0.9999983016242606
1383.75,0.9999983056111535
1387.5,0.9999983095611166
1391.25,0.9999983134746137
1395.0,0.9999983173521003
1398.75,0.9999983211940245
1402.5,0.9999983250008282
1406.25,0.9999983287729456
1410.0,0.9999983325108043
1413.75,0.9999983362148257
1417.5,0.9999983398854242
1421.25,0.9999983435230079
1425.0,0.9999983471279785
1428.75,0.9999983507007321
1432.5,0.9999983542416578
1436.25,0.9999983577511395
1440.0,0.9999983612295554
1443.75,0.9999983646772771
1447.5,0.9999983680946711
1451.25,0.9999983714820988
1455.0,0.9999983748399154
1458.75,0.999998378168471
1462.5,0.9999983814681112
1466.25,0.9999983847391751
1470.0,0.9999983879819979
1473.75,0.9999983911969097
1477.5,0.9999983943842353
1481.25,0.999998397544295
1485.0,0.9999984006774041
1488.75,0.9999984037838737
1492.5,0.9999984068640104
1496.25,0.999998409918116
1500.0,0.999998412946488
1503.75,0.9999984159494197
1507.5,0.9999984189272006
1511.25,0.9999984218801153
1515.0,0.9999984248084446
1518.75,0.9999984277124656
1522.5,0.9999984305924511
1526.25,0.9999984334486701
1530.0,0.999998436281388
1533.75,0.9999984390908662
1537.5,0.9999984418773626
1541.25,0.9999984446411317
1545.0,0.9999984473824239
1548.75,0.9999984501014865
1552.5,0.9999984527985631
1556.25,0.9999984554738944
1560.0,0.9999984581277171
1563.75,0.9999984607602656
1567.5,0.9999984633717699
1571.25,0.9999984659624578
1575.0,0.9999984685325536
1578.75,0.9999984710822788
1582.5,0.9999984736118515
1586.25,0.9999984761214866
1590.0,0.9999984786113975
1593.75,0.999998481081793
1597.5,0.9999984835328805
1601.25,0.9999984859648633
1605.0,0.9999984883779437
1608.75,0.9999984907723193
1612.5,0.9999984931481867
1616.25,0.9999984955057388
1620.0,0.999998497845167
1623.75,0.9999985001666591
1627.5,0.9999985024704017
1631.25,0.9999985047565774
1635.0,0.9999985070253679
1638.75,0.9999985092769513
1642.5,0.9999985115115044
1646.25,0.9999985137292015
1650.0,0.9999985159302137
1653.75,0.9999985181147112
1657.5,0.9999985202828612
1661.25,0.9999985224348295
1665.0,0.9999985245707785
1668.75,0.99999852669087
1672.5,0.9999985287952626
1676.25,0.9999985308841137
1680.0,0.9999985329575786
1683.75,0.9999985350158097
1687.5,0.9999985370589588
1691.25,0.9999985390871751
1695.0,0.999998541100606
1698.75,0.9999985430993972
1702.5,0.9999985450836922
1706.25,0.9999985470536334
1710.0,0.9999985490093607
1713.75,0.9999985509510131
1717.5,0.9999985528787271
1721.25,0.9999985547926378
1725.0,0.999998556692879
1728.75,0.9999985585795822
1732.5,0.9999985604528782
1736.25,0.999998562312895
1740.0,0.9999985641597602
1743.75,0.9999985659935992
1747.5,0.9999985678145362
1751.25,0.9999985696226937
1755.0,0.9999985714181928
1758.75,0.9999985732011534
1762.5,0.9999985749716934
1766.25,0.9999985767299298
1770.0,0.9999985784759781
1773.75,0.9999985802099522
1777.5,0.9999985819319649
1781.25,0.9999985836421278
1785.0,0.9999985853405507
1788.75,0.9999985870273427
1792.5,0.9999985887026112
1796.25,0.9999985903664622
1800.0,0.9999985920190014
1803.75,0.999998593660332
1807.5,0.9999985952905569
1811.25,0.9999985969097775
1815.0,0.999998598518094
1818.75,0.9999986001156057
1822.5,0.9999986017024104
1826.25,0.9999986032786049
1830.0,0.9999986048442853
1833.75,0.9999986063995457
1837.5,0.9999986079444803
1841.25,0.9999986094791812
1845.0,0.99999861100374
1848.75,0.9999986125182472
1852.5,0.9999986140227921
1856.25,0.9999986155174633
1860.0,0.9999986170023484
1863.75,0.9999986184775332
1867.5,0.999998619943104
1871.25,0.9999986213991447
1875.0,0.9999986228457394
1878.75,0.9999986242829704
1882.5,0.9999986257109197
1886.25,0.9999986271296681
1890.0,0.9999986285392957
1893.75,0.9999986299398813
1897.5,0.9999986313315032
1901.25,0.9999986327142394
1905.0,0.9999986340881656
1908.75,0.9999986354533582
1912.5,0.9999986368098913
1916.25,0.9999986381578397
1920.0,0.9999986394972765
1923.75,0.999998640828274
1927.5,0.9999986421509042
1931.25,0.9999986434652376
1935.0,0.9999986447713449
1938.75,0.999998646069295
1942.5,0.9999986473591572
1946.25,0.9999986486409992
1950.0,0.9999986499148881
1953.75,0.9999986511808907
1957.5,0.9999986524390724
1961.25,0.999998653689499
1965.0,0.9999986549322343
1968.75,0.9999986561673426
1972.5,0.9999986573948867
1976.25,0.9999986586149292
1980.0,0.999998659827532
1983.75,0.9999986610327559
1987.5,0.9999986622306618
1991.25,0.9999986634213093
1995.0,0.9999986646047581
1998.75,0.9999986657810663
2002.5,0.9999986669502925
2006.25,0.9999986681124939
2010.0,0.9999986692677277
2013.75,0.9999986704160498
2017.5,0.9999986715575162
2021.25,0.9999986726921819
2025.0,0.9999986738201018
2028.75,0.9999986749413295
2032.5,0.999998676055919
2036.25,0.9999986771639229
2040.0,0.9999986782653936
2043.75,0.9999986793603837
2047.5,0.9999986804489436
2051.25,0.9999986815311246
2055.0,0.9999986826069773
2058.75,0.9999986836765514
2062.5,0.9999986847398964
2066.25,0.9999986857970607
2070.0,0.9999986868480932
2073.75,0.9999986878930417
2077.5,0.999998688931954
2081.25,0.9999986899648761
2085.0,0.9999986909918553
2088.75,0.9999986920129376
2092.5,0.9999986930281686
2096.25,0.9999986940375932
2100.0,0.9999986950412564
2103.75,0.9999986960392023
2107.5,0.999998697031475
2111.25,0.9999986980181177
2115.0,0.9999986989991738
2118.75,0.9999986999746857
2122.5,0.9999987009446955
2126.25,0.999998701909245
2130.0,0.9999987028683757
2133.75,0.9999987038221285
2137.5,0.9999987047705441
2141.25,0.9999987057136628
2145.0,0.9999987066515242
2148.75,0.9999987075841683
2152.5,0.9999987085116333
2156.25,0.9999987094339587
2160.0,0.9999987103511827
2163.75,0.9999987112633428
2167.5,0.9999987121704774
2171.25,0.9999987130726233
2175.0,0.9999987139698174
2178.75,0.9999987148620966
2182.5,0.9999987157494967
2186.25,0.9999987166320543
2190.0,0.9999987175098044
2193.75,0.9999987183827825
2197.5,0.9999987192510236
2201.25,0.9999987201145621
2205.0,0.9999987209734323
2208.75,0.9999987218276682
2212.5,0.9999987226773037
2216.25,0.9999987235223717
2220.0,0.9999987243629057
2223.75,0.9999987251989384
2227.5,0.9999987260305018
2231.25,0.9999987268576286
2235.0,0.9999987276803501
2238.75,0.9999987284986986
2242.5,0.9999987293127046
2246.25,0.9999987301223998
2250.0,0.9999987309278145
2253.75,0.999998731728979
2257.5,0.9999987325259242
2261.25,0.9999987333186794
2265.0,0.9999987341072745
2268.75,0.9999987348917387
2272.5,0.9999987356721014
2276.25,0.9999987364483911
2280.0,0.9999987372206365
2283.75,0.9999987379888661
2287.5,0.9999987387531079
2291.25,0.9999987395133897
2295.0,0.9999987402697393
2298.75,0.9999987410221839
2302.5,0.9999987417707507
2306.25,0.9999987425154665
2310.0,0.9999987432563582
2313.75,0.9999987439934518
2317.5,0.9999987447267739
2321.25,0.9999987454563501
2325.0,0.9999987461822064
2328.75,0.9999987469043683
2332.5,0.999998747622861
2336.25,0.9999987483377095
2340.0,0.9999987490489389
2343.75,0.9999987497565739
2347.5,0.9999987504606385
2351.25,0.9999987511611573
2355.0,0.9999987518581541
2358.75,0.9999987525516529
2362.5,0.9999987532416774
2366.25,0.9999987539282505
2370.0,0.9999987546113961
2373.75,0.9999987552911368
2377.5,0.9999987559674954
2381.25,0.9999987566404948
2385.0,0.999998757310157
2388.75,0.9999987579765045
2392.5,0.9999987586395596
2396.25,0.9999987592993439
2400.0,0.999998759955879
2403.75,0.9999987606091869
2407.5,0.9999987612592883
2411.25,0.9999987619062046
2415.0,0.999998762549957
2418.75,0.9999987631905664
2422.5,0.9999987638280528
2426.25,0.9999987644624374
2430.0,0.9999987650937399
2433.75,0.9999987657219807
2437.5,0.9999987663471795
2441.25,0.9999987669693566
2445.0,0.9999987675885316
2448.75,0.9999987682047233
2452.5,0.9999987688179518
2456.25,0.9999987694282358
2460.0,0.9999987700355946
2463.75,0.9999987706400466
2467.5,0.9999987712416109
2471.25,0.9999987718403059
2475.0,0.9999987724361501
2478.75,0.9999987730291616
2482.5,0.9999987736193587
2486.25,0.9999987742067591
2490.0,0.9999987747913809
2493.75,0.9999987753732413
2497.5,0.9999987759523583
2501.25,0.9999987765287491
2505.0,0.9999987771024312
2508.75,0.999998777673421
2512.5,0.9999987782417362
2516.25,0.9999987788073934
2520.0,0.9999987793704093
2523.75,0.9999987799308004
2527.5,0.9999987804885831
2531.25,0.9999987810437743
2535.0,0.9999987815963891
2538.75,0.9999987821464444
2542.5,0.9999987826939559
2546.25,0.9999987832389396
2550.0,0.9999987837814107
2553.75,0.9999987843213852
2557.5,0.9999987848588785
2561.25,0.9999987853939056
2565.0,0.999998785926482
2568.75,0.9999987864566227
2572.5,0.9999987869843426
2576.25,0.9999987875096565
2580.0,0.9999987880325797
2583.75,0.9999987885531261
2587.5,0.9999987890713105
2591.25,0.9999987895871472
2595.0,0.9999987901006506
2598.75,0.9999987906118349
2602.5,0.9999987911207139
2606.25,0.9999987916273021
2610.0,0.9999987921316127
2613.75,0.99999879263366
2617.5,0.9999987931334575
2621.25,0.9999987936310183
2625.0,0.9999987941263565
2628.75,0.9999987946194854
2632.5,0.9999987951104178
2636.25,0.9999987955991666
2640.0,0.9999987960857457
2643.75,0.9999987965701673
2647.5,0.9999987970524451
2651.25,0.9999987975325908
2655.0,0.9999987980106178
2658.75,0.9999987984865383
2662.5,0.9999987989603648
2666.25,0.9999987994321098
2670.0,0.9999987999017855
2673.75,0.9999988003694044
2677.5,0.999998800834978
2681.25,0.9999988012985187
2685.0,0.9999988017600384
2688.75,0.999998802219549
2692.5,0.9999988026770621
2696.25,0.999998803132589
2700.0,0.999998803586142
2703.75,0.9999988040377323
2707.5,0.999998804487371
2711.25,0.99999880493507
2715.0,0.99999880538084
2718.75,0.9999988058246925
2722.5,0.9999988062666381
2726.25,0.9999988067066883
2730.0,0.999998807144854
2733.75,0.9999988075811458
2737.5,0.9999988080155745
2741.25,0.9999988084481508
2745.0,0.9999988088788854
2748.75,0.999998809307789
2752.5,0.9999988097348714
2756.25,0.9999988101601437
2760.0,0.9999988105836155
2763.75,0.9999988110052977
2767.5,0.9999988114252002
2771.25,0.9999988118433328
2775.0,0.9999988122597061
2778.75,0.9999988126743296
2782.5,0.9999988130872132
2786.25,0.9999988134983667
2790.0,0.9999988139078001
2793.75,0.9999988143155226
2797.5,0.9999988147215444
2801.25,0.9999988151258745
2805.0,0.9999988155285225
2808.75,0.9999988159294979
2812.5,0.9999988163288097
2816.25,0.9999988167264678
2820.0,0.9999988171224807
2823.75,0.999998817516858
2827.5,0.9999988179096088
2831.25,0.9999988183007416
2835.0,0.9999988186902659
2838.75,0.9999988190781902
2842.5,0.9999988194645233
2846.25,0.9999988198492743
2850.0,0.9999988202324517
2853.75,0.9999988206140642
2857.5,0.9999988209941202
2861.25,0.9999988213726283
2865.0,0.9999988217495971
2868.75,0.9999988221250349
2872.5,0.99999882249895
2876.25,0.9999988228713507
2880.0,0.9999988232422453
2883.75,0.9999988236116418
2887.5,0.9999988239795486
2891.25,0.9999988243459735
2895.0,0.9999988247109249
2898.75,0.9999988250744102
2902.5,0.9999988254364375
2906.25,0.9999988257970148
2910.0,0.9999988261561498
2913.75,0.9999988265138503
2917.5,0.999998826870124
2921.25,0.9999988272249785
2925.0,0.9999988275784211
2928.75,0.9999988279304596
2932.5,0.9999988282811018
2936.25,0.9999988286303545
2940.0,0.9999988289782252
2943.75,0.9999988293247217
2947.5,0.999998829669851
2951.25,0.9999988300136204
2955.0,0.9999988303560369
2958.75,0.9999988306971078
2962.5,0.9999988310368402
2966.25,0.999998831375241
2970.0,0.9999988317123174
2973.75,0.9999988320480762
2977.5,0.9999988323825244
2981.25,0.9999988327156688
2985.0,0.9999988330475162
2988.75,0.9999988333780735
2992.5,0.9999988337073473
2996.25,0.9999988340353444
3000.0,0.9999988343620714
3003.75,0.9999988346875348
3007.5,0.999998835011741
3011.25,0.9999988353346971
3015.0,0.9999988356564091
3018.75,0.9999988359768833
3022.5,0.9999988362961265
3026.25,0.9999988366141449
3030.0,0.9999988369309446
3033.75,0.999998837246532
3037.5,0.9999988375609133
3041.25,0.9999988378740949
3045.0,0.9999988381860827
3048.75,0.9999988384968828
3052.5,0.9999988388065014
3056.25,0.9999988391149445
3060.0,0.9999988394222177
3063.75,0.9999988397283274
3067.5,0.9999988400332797
3071.25,0.9999988403370799
3075.0,0.9999988406397341
3078.75,0.9999988409412479
3082.5,0.9999988412416276
3086.25,0.9999988415408783
3090.0,0.9999988418390062
3093.75,0.9999988421360164
3097.5,0.9999988424319151
3101.25,0.9999988427267072
3105.0,0.9999988430203989
3108.75,0.9999988433129957
3112.5,0.9999988436045024
3116.25,0.9999988438949252
3120.0,0.999998844184269
3123.75,0.9999988444725392
3127.5,0.9999988447597415
3131.25,0.999998845045881
3135.0,0.9999988453309628
3138.75,0.9999988456149925
3142.5,0.9999988458979749
3146.25,0.9999988461799156
3150.0,0.9999988464608194
3153.75,0.9999988467406916
3157.5,0.999998847019537
3161.25,0.9999988472973612
3165.0,0.9999988475741688
3168.75,0.9999988478499645
3172.5,0.999998848124754
3176.25,0.9999988483985417
3180.0,0.9999988486713327
3183.75,0.9999988489431317
3187.5,0.9999988492139438
3191.25,0.9999988494837735
3195.0,0.9999988497526259
3198.75,0.9999988500205053
3202.5,0.999998850287417
3206.25,0.999998850553365
3210.0,0.9999988508183545
3213.75,0.99999885108239
3217.5,0.9999988513454758
3221.25,0.9999988516076173
3225.0,0.999998851868818
3228.75,0.9999988521290829
3232.5,0.9999988523884168
3236.25,0.9999988526468236
3240.0,0.999998852904308
3243.75,0.9999988531608746
3247.5,0.9999988534165275
3251.25,0.9999988536712713
3255.0,0.9999988539251101
3258.75,0.9999988541780481
3262.5,0.9999988544300901
3266.25,0.9999988546812397
3270.0,0.9999988549315019
3273.75,0.99999885518088
3277.5,0.9999988554293789
3281.25,0.9999988556770026
3285.0,0.9999988559237553
3288.75,0.9999988561696405
3292.5,0.999998856414663
3296.25,0.9999988566588266
3300.0,0.9999988569021353
3303.75,0.9999988571445929
3307.5,0.9999988573862039
3311.25,0.9999988576269717
3315.0,0.9999988578669008
3318.75,0.999998858105995
3322.5,0.9999988583442577
3326.25,0.9999988585816931
3330.0,0.9999988588183053
3333.75,0.9999988590540976
3337.5,0.9999988592890744
3341.25,0.999998859523239
3345.0,0.9999988597565952
3348.75,0.9999988599891471
3352.5,0.999998860220898
3356.25,0.9999988604518519
3360.0,0.9999988606820122
3363.75,0.9999988609113829
3367.5,0.9999988611399674
3371.25,0.9999988613677694
3375.0,0.9999988615947922
3378.75,0.9999988618210398
3382.5,0.9999988620465154
3386.25,0.9999988622712227
3390.0,0.9999988624951651
3393.75,0.9999988627183463
3397.5,0.9999988629407696
3401.25,0.9999988631624385
3405.0,0.9999988633833564
3408.75,0.9999988636035267
3412.5,0.9999988638229529
3416.25,0.9999988640416382
3420.0,0.999998864259586
3423.75,0.9999988644767999
3427.5,0.9999988646932825
3431.25,0.9999988649090379
3435.0,0.9999988651240689
3438.75,0.999998865338379
3442.5,0.9999988655519714
3446.25,0.999998865764849
3450.0,0.9999988659770155
3453.75,0.9999988661884736
3457.5,0.9999988663992269
3461.25,0.9999988666092783
3465.0,0.999998866818631
3468.75,0.9999988670272881
3472.5,0.9999988672352528
3476.25,0.9999988674425278
3480.0,0.9999988676491165
3483.75,0.9999988678550219
3487.5,0.9999988680602471
3491.25,0.9999988682647949
3495.0,0.9999988684686685
3498.75,0.9999988686718707
3502.5,0.9999988688744045
3506.25,0.999998869076273
3510.0,0.999998869277479
3513.75,0.9999988694780254
3517.5,0.999998869677915
3521.25,0.999998869877151
3525.0,0.9999988700757361
3528.75,0.9999988702736728
3532.5,0.9999988704709644
3536.25,0.9999988706676135
3540.0,0.9999988708636234
3543.75,0.999998871058996
3547.5,0.9999988712537345
3551.25,0.9999988714478417
3555.0,0.9999988716413205
3558.75,0.9999988718341736
3562.5,0.999998872026403
3566.25,0.9999988722180123
3570.0,0.9999988724090039
3573.75,0.9999988725993801
3577.5,0.999998872789144
3581.25,0.9999988729782981
3585.0,0.999998873166845
3588.75,0.9999988733547873
3592.5,0.9999988735421278
3596.25,0.9999988737288688
3600.0,0.9999988739150127
3603.75,0.9999988741005625
3607.5,0.9999988742855206
3611.25,0.9999988744698896
3615.0,0.9999988746536715
3618.75,0.9999988748368697
3622.5,0.9999988750194859
3626.25,0.9999988752015229
3630.0,0.9999988753829833
3633.75,0.999998875563869
3637.5,0.9999988757441831
3641.25,0.9999988759239277
3645.0,0.999998876103105
3648.75,0.9999988762817177
3652.5,0.9999988764597681
3656.25,0.9999988766372586
3660.0,0.9999988768141916
3663.75,0.9999988769905694
3667.5,0.9999988771663944
3671.25,0.9999988773416685
3675.0,0.9999988775163946
3678.75,0.9999988776905746
3682.5,0.9999988778642108
3686.25,0.9999988780373059
3690.0,0.9999988782098616
3693.75,0.9999988783818805
3697.5,0.9999988785533647
3701.25,0.9999988787243165
3705.0,0.999998878894738
3708.75,0.9999988790646315
3712.5,0.9999988792339992
3716.25,0.9999988794028432
3720.0,0.9999988795711657
3723.75,0.9999988797389688
3727.5,0.9999988799062549
3731.25,0.9999988800730258
3735.0,0.9999988802392837
3738.75,0.999998880405031
3742.5,0.9999988805702694
3746.25,0.9999988807350012
3750.0,0.9999988808992285
3753.75,0.9999988810629533
3757.5,0.9999988812261776
3761.25,0.9999988813889036
3765.0,0.9999988815511333
3768.75,0.9999988817128684
3772.5,0.9999988818741115
3776.25,0.9999988820348641
3780.0,0.9999988821951286
3783.75,0.9999988823549066
3787.5,0.9999988825142003
3791.25,0.9999988826730116
3795.0,0.9999988828313425
3798.75,0.999998882989195
3802.5,0.9999988831465709
3806.25,0.9999988833034722
3810.0,0.9999988834599007
3813.75,0.9999988836158585
3817.5,0.9999988837713475
3821.25,0.9999988839263694
3825.0,0.9999988840809261
3828.75,0.9999988842350196
3832.5,0.9999988843886517
3836.25,0.9999988845418242
3840.0,0.9999988846945389
3843.75,0.9999988848467978
3847.5,0.9999988849986028
3851.25,0.9999988851499553
3855.0,0.9999988853008575
3858.75,0.9999988854513109
3862.5,0.9999988856013176
3866.25,0.999998885750879
3870.0,0.9999988858999973
3873.75,0.9999988860486736
3877.5,0.9999988861969106
3881.25,0.9999988863447091
3885.0,0.9999988864920716
3888.75,0.9999988866389993
3892.5,0.999998886785494
3896.25,0.9999988869315577
3900.0,0.9999988870771918
3903.75,0.999998887222398
3907.5,0.9999988873671781
3911.25,0.9999988875115339
3915.0,0.9999988876554666
3918.75,0.9999988877989786
3922.5,0.9999988879420708
3926.25,0.9999988880847452
3930.0,0.9999988882270032
3933.75,0.9999988883688469
3937.5,0.9999988885102775
3941.25,0.9999988886512969
3945.0,0.9999988887919062
3948.75,0.9999988889321078
3952.5,0.9999988890719026
3956.25,0.9999988892112923
3960.0,0.9999988893502785
3963.75,0.999998889488863
3967.5,0.9999988896270471
3971.25,0.9999988897648324
3975.0,0.9999988899022203
3978.75,0.9999988900392128
3982.5,0.999998890175811
3986.25,0.9999988903120167
3990.0,0.9999988904478309
3993.75,0.9999988905832558
3997.5,0.9999988907182923
4001.25,0.9999988908529421
4005.0,0.999998890987207
4008.75,0.9999988911210879
4012.5,0.9999988912545867
4016.25,0.9999988913877048
4020.0,0.9999988915204434
4023.75,0.9999988916528042
4027.5,0.9999988917847885
4031.25,0.9999988919163979
4035.0,0.9999988920476338
4038.75,0.9999988921784972
4042.5,0.9999988923089901
4046.25,0.9999988924391136
4050.0,0.9999988925688691
4053.75,0.999998892698258
4057.5,0.9999988928272819
4061.25,0.9999988929559419
4065.0,0.9999988930842394
4068.75,0.9999988932121759
4072.5,0.9999988933397527
4076.25,0.9999988934669712
4080.0,0.9999988935938326
4083.75,0.9999988937203385
4087.5,0.99999889384649
4091.25,0.9999988939722884
4095.0,0.9999988940977352
4098.75,0.9999988942228318
4102.5,0.9999988943475792
4106.25,0.9999988944719786
4110.0,0.999998894596032
4113.75,0.9999988947197399
4117.5,0.9999988948431041
4121.25,0.9999988949661257
4125.0,0.9999988950888058
4128.75,0.999998895211146
4132.5,0.9999988953331473
4136.25,0.9999988954548114
4140.0,0.9999988955761386
4143.75,0.9999988956971313
4147.5,0.9999988958177898
4151.25,0.9999988959381159
4155.0,0.9999988960581105
4158.75,0.9999988961777752
4162.5,0.9999988962971108
4166.25,0.9999988964161187
4170.0,0.9999988965348001
4173.75,0.9999988966531563
4177.5,0.9999988967711884
4181.25,0.9999988968888972
4185.0,0.9999988970062846
4188.75,0.9999988971233515
4192.5,0.9999988972400988
4196.25,0.9999988973565279
4200.0,0.9999988974726398
4203.75,0.999998897588436
4207.5,0.9999988977039174
4211.25,0.999998897819085
4215.0,0.9999988979339403
4218.75,0.9999988980484842
4222.5,0.9999988981627179
4226.25,0.9999988982766423
4230.0,0.9999988983902588
4233.75,0.9999988985035686
4237.5,0.9999988986165725
4241.25,0.9999988987292717
4245.0,0.9999988988416675
4248.75,0.9999988989537608
4252.5,0.9999988990655526
4256.25,0.9999988991770442
4260.0,0.9999988992882365
4263.75,0.9999988993991307
4267.5,0.9999988995097279
4271.25,0.9999988996200289
4275.0,0.999998899730035
4278.75,0.9999988998397475
4282.5,0.9999988999491669
4286.25,0.9999989000582944
4290.0,0.9999989001671314
4293.75,0.9999989002756785
4297.5,0.9999989003839371
4301.25,0.9999989004919078
4305.0,0.999998900599592
4308.75,0.9999989007069906
4312.5,0.9999989008141044
4316.25,0.9999989009209348
4320.0,0.9999989010274825
4323.75,0.9999989011337486
4327.5,0.9999989012397341
4331.25,0.99999890134544
4335.0,0.9999989014508673
4338.75,0.999998901556017
4342.5,0.99999890166089
4346.25,0.9999989017654871
4350.0,0.9999989018698099
4353.75,0.9999989019738585
4357.5,0.9999989020776345
4361.25,0.9999989021811387
4365.0,0.999998902284372
4368.75,0.9999989023873354
4372.5,0.9999989024900297
4376.25,0.9999989025924558
4380.0,0.999998902694615
4383.75,0.9999989027965079
4387.5,0.9999989028981356
4391.25,0.999998902999499
4395.0,0.9999989031005989
4398.75,0.9999989032014363
4402.5,0.9999989033020122
4406.25,0.9999989034023273
4410.0,0.9999989035023825
4413.75,0.9999989036021792
4417.5,0.9999989037017176
4421.25,0.9999989038009988
4425.0,0.9999989039000241
4428.75,0.9999989039987939
4432.5,0.9999989040973094
4436.25,0.9999989041955711
4440.0,0.9999989042935802
4443.75,0.9999989043913373
4447.5,0.9999989044888439
4451.25,0.9999989045861
4455.0,0.999998904683107
4458.75,0.9999989047798656
4462.5,0.9999989048763765
4466.25,0.9999989049726409
4470.0,0.9999989050686595
4473.75,0.9999989051644331
4477.5,0.9999989052599623
4481.25,0.9999989053552483
4485.0,0.9999989054502916
4488.75,0.9999989055450935
4492.5,0.9999989056396545
4496.25,0.9999989057339753
4500.0,0.9999989058280568
4503.75,0.9999989059219002
4507.5,0.9999989060155058
4511.25,0.9999989061088743
4515.0,0.9999989062020073
4518.75,0.9999989062949047
4522.5,0.9999989063875679
4526.25,0.9999989064799975
4530.0,0.9999989065721941
4533.75,0.9999989066641587
4537.5,0.999998906755892
4541.25,0.9999989068473947
4545.0,0.9999989069386679
4548.75,0.9999989070297121
4552.5,0.9999989071205281
4556.25,0.9999989072111167
4560.0,0.9999989073014787
4563.75,0.9999989073916145
4567.5,0.9999989074815254
4571.25,0.9999989075712118
4575.0,0.9999989076606747
4578.75,0.9999989077499145
4582.5,0.9999989078389323
4586.25,0.9999989079277286
4590.0,0.9999989080163043
4593.75,0.99999890810466
4597.5,0.9999989081927964
4601.25,0.9999989082807145
4605.0,0.9999989083684145
4608.75,0.9999989084558978
4612.5,0.9999989085431646
4616.25,0.9999989086302158
4620.0,0.9999989087170522
4623.75,0.9999989088036744
4627.5,0.999998908890083
4631.25,0.9999989089762789
4635.0,0.9999989090622625
4638.75,0.999998909148035
4642.5,0.9999989092335968
4646.25,0.9999989093189483
4650.0,0.9999989094040906
4653.75,0.9999989094890245
4657.5,0.9999989095737505
4661.25,0.999998909658269
4665.0,0.999998909742581
4668.75,0.999998909826687
4672.5,0.9999989099105877
4676.25,0.9999989099942841
4680.0,0.9999989100777766
4683.75,0.9999989101610658
4687.5,0.9999989102441522
4691.25,0.9999989103270369
4695.0,0.9999989104097202
4698.75,0.999998910492203
4702.5,0.9999989105744858
4706.25,0.9999989106565694
4710.0,0.9999989107384541
4713.75,0.999998910820141
4717.5,0.9999989109016306
4721.25,0.9999989109829233
4725.0,0.99999891106402
4728.75,0.999998911144921
4732.5,0.9999989112256273
4736.25,0.9999989113061393
4740.0,0.9999989113864578
4743.75,0.9999989114665834
4747.5,0.9999989115465164
4751.25,0.9999989116262579
4755.0,0.999998911705808
4758.75,0.9999989117851679
4762.5,0.9999989118643378
4766.25,0.9999989119433184
4770.0,0.9999989120221103
4773.75,0.9999989121007141
4777.5,0.9999989121791304
4781.25,0.9999989122573598
4785.0,0.9999989123354032
4788.75,0.9999989124132606
4792.5,0.9999989124909328
4796.25,0.9999989125684206
4800.0,0.9999989126457246
4803.75,0.999998912722845
4807.5,0.9999989127997828
4811.25,0.9999989128765384
4815.0,0.9999989129531124
4818.75,0.9999989130295055
4822.5,0.9999989131057178
4826.25,0.9999989131817504
4830.0,0.9999989132576037
4833.75,0.999998913333278
4837.5,0.9999989134087743
4841.25,0.999998913484093
4845.0,0.9999989135592344
4848.75,0.9999989136341996
4852.5,0.9999989137089885
4856.25,0.9999989137836023
4860.0,0.9999989138580408
4863.75,0.9999989139323053
4867.5,0.9999989140063961
4871.25,0.9999989140803135
4875.0,0.9999989141540582
4878.75,0.9999989142276308
4882.5,0.9999989143010317
4886.25,0.9999989143742615
4890.0,0.9999989144473209
4893.75,0.9999989145202102
4897.5,0.99999891459293
4901.25,0.9999989146654811
4905.0,0.9999989147378633
4908.75,0.9999989148100779
4912.5,0.999998914882125
4916.25,0.9999989149540052
4920.0,0.999998915025719
4923.75,0.9999989150972671
4927.5,0.9999989151686498
4931.25,0.9999989152398677
4935.0,0.9999989153109211
4938.75,0.999998915381811
4942.5,0.9999989154525374
4946.25,0.9999989155231012
4950.0,0.9999989155935024
4953.75,0.9999989156637421
4957.5,0.9999989157338203
4961.25,0.9999989158037376
4965.0,0.9999989158734948
4968.75,0.9999989159430922
4972.5,0.99999891601253
4976.25,0.9999989160818092
4980.0,0.99999891615093
4983.75,0.9999989162198929
4987.5,0.9999989162886983
4991.25,0.9999989163573468
4995.0,0.999998916425839
4998.75,0.999998916494175
5002.5,0.9999989165623558
5006.25,0.9999989166303815
5010.0,0.9999989166982527
5013.75,0.9999989167659696
5017.5,0.9999989168335331
5021.25,0.9999989169009432
5025.0,0.9999989169682012
5028.75,0.9999989170353064
5032.5,0.9999989171022601
5036.25,0.9999989171690624
5040.0,0.9999989172357139
5043.75,0.9999989173022149
5047.5,0.9999989173685662
5051.25,0.999998917434768
5055.0,0.9999989175008207
5058.75,0.9999989175667248
5062.5,0.9999989176324807
5066.25,0.999998917698089
5070.0,0.99999891776355
5073.75,0.9999989178288643
5077.5,0.999998917894032
5081.25,0.9999989179590542
5085.0,0.9999989180239303
5088.75,0.9999989180886618
5092.5,0.9999989181532485
5096.25,0.999998918217691
5100.0,0.9999989182819901
5103.75,0.9999989183461454
5107.5,0.9999989184101579
5111.25,0.999998918474028
5115.0,0.9999989185377561
5118.75,0.9999989186013425
5122.5,0.9999989186647876
5126.25,0.999998918728092
5130.0,0.999998918791256
5133.75,0.9999989188542802
5137.5,0.9999989189171645
5141.25,0.9999989189799099
5145.0,0.9999989190425165
5148.75,0.9999989191049848
5152.5,0.9999989191673154
5156.25,0.9999989192295081
5160.0,0.999998919291564
5163.75,0.9999989193534832
5167.5,0.999998919415266
5171.25,0.9999989194769128
5175.0,0.9999989195384243
5178.75,0.9999989195998007
5182.5,0.9999989196610425
5186.25,0.9999989197221498
5190.0,0.9999989197831233
5193.75,0.9999989198439633
5197.5,0.9999989199046703
5201.25,0.9999989199652445
5205.0,0.999998920025686
5208.75,0.9999989200859959
5212.5,0.9999989201461741
5216.25,0.9999989202062212
5220.0,0.9999989202661375
5223.75,0.9999989203259232
5227.5,0.9999989203855789
5231.25,0.9999989204451052
5235.0,0.999998920504502
5238.75,0.9999989205637698
5242.5,0.9999989206229091
5246.25,0.9999989206819202
5250.0,0.9999989207408035
5253.75,0.9999989207995593
5257.5,0.9999989208581884
5261.25,0.9999989209166904
5265.0,0.9999989209750664
5268.75,0.9999989210333162
5272.5,0.9999989210914404
5276.25,0.9999989211494396
5280.0,0.9999989212073136
5283.75,0.9999989212650633
5287.5,0.9999989213226886
5291.25,0.9999989213801903
5295.0,0.9999989214375684
5298.75,0.9999989214948237
5302.5,0.999998921551956
5306.25,0.9999989216089659
5310.0,0.9999989216658537
5313.75,0.9999989217226201
5317.5,0.999998921779265
5321.25,0.9999989218357888
5325.0,0.999998921892192
5328.75,0.9999989219484748
5332.5,0.9999989220046379
5336.25,0.9999989220606811
5340.0,0.9999989221166051
5343.75,0.9999989221724103
5347.5,0.9999989222280966
5351.25,0.9999989222836649
5355.0,0.9999989223391149
5358.75,0.9999989223944478
5362.5,0.9999989224496632
5366.25,0.9999989225047616
5370.0,0.9999989225597432
5373.75,0.999998922614609
5377.5,0.9999989226693585
5381.25,0.9999989227239926
5385.0,0.9999989227785113
5388.75,0.9999989228329151
5392.5,0.999998922887204
5396.25,0.9999989229413788
5400.0,0.9999989229954396
5403.75,0.9999989230493865
5407.5,0.9999989231032204
5411.25,0.9999989231569409
5415.0,0.999998923210549
5418.75,0.9999989232640445
5422.5,0.999998923317428
5426.25,0.9999989233706995
5430.0,0.9999989234238597
5433.75,0.9999989234769087
5437.5,0.9999989235298469
5441.25,0.9999989235826746
5445.0,0.9999989236353919
5448.75,0.9999989236879995
5452.5,0.9999989237404973
5456.25,0.9999989237928857
5460.0,0.9999989238451655
5463.75,0.9999989238973362
5467.5,0.9999989239493986
5471.25,0.9999989240013528
5475.0,0.9999989240531996
5478.75,0.9999989241049385
5482.5,0.9999989241565704
5486.25,0.9999989242080952
5490.0,0.9999989242595135
5493.75,0.9999989243108255
5497.5,0.9999989243620316
5501.25,0.9999989244131318
5505.0,0.9999989244641264
5508.75,0.999998924515016
5512.5,0.9999989245658009
5516.25,0.999998924616481
5520.0,0.9999989246670571
5523.75,0.9999989247175288
5527.5,0.9999989247678971
5531.25,0.9999989248181618
5535.0,0.9999989248683235
5538.75,0.9999989249183824
5542.5,0.9999989249683385
5546.25,0.9999989250181924
5550.0,0.9999989250679442
5553.75,0.9999989251175944
5557.5,0.9999989251671432
5561.25,0.9999989252165906
5565.0,0.9999989252659371
5568.75,0.999998925315183
5572.5,0.9999989253643286
5576.25,0.9999989254133741
5580.0,0.9999989254623199
5583.75,0.9999989255111659
5587.5,0.9999989255599128
5591.25,0.9999989256085606
5595.0,0.9999989256571098
5598.75,0.9999989257055603
5602.5,0.9999989257539129
5606.25,0.9999989258021674
5610.0,0.9999989258503241
5613.75,0.9999989258983836
5617.5,0.9999989259463459
5621.25,0.9999989259942114
5625.0,0.9999989260419803
5628.75,0.9999989260896526
5632.5,0.9999989261372288
5636.25,0.9999989261847093
5640.0,0.9999989262320942
5643.75,0.9999989262793839
5647.5,0.9999989263265785
5651.25,0.9999989263736782
5655.0,0.9999989264206833
5658.75,0.999998926467594
5662.5,0.9999989265144109
5666.25,0.9999989265611338
5670.0,0.9999989266077632
5673.75,0.9999989266542995
5677.5,0.9999989267007424
5681.25,0.9999989267470928
5685.0,0.9999989267933506
5688.75,0.9999989268395159
5692.5,0.9999989268855891
5696.25,0.9999989269315707
5700.0,0.9999989269774607
5703.75,0.9999989270232594
5707.5,0.999998927068967
5711.25,0.9999989271145837
5715.0,0.9999989271601095
5718.75,0.9999989272055453
5722.5,0.9999989272508909
5726.25,0.9999989272961468
5730.0,0.9999989273413127
5733.75,0.9999989273863895
5737.5,0.999998927431377
5741.25,0.9999989274762754
5745.0,0.9999989275210851
5748.75,0.9999989275658066
5752.5,0.9999989276104396
5756.25,0.9999989276549849
5760.0,0.9999989276994422
5763.75,0.999998927743812
5767.5,0.9999989277880945
5771.25,0.99999892783229
5775.0,0.9999989278763985
5778.75,0.9999989279204204
5782.5,0.9999989279643561
5786.25,0.9999989280082056
5790.0,0.9999989280519688
5793.75,0.9999989280956466
5797.5,0.9999989281392387
5801.25,0.9999989281827457
5805.0,0.9999989282261675
5808.75,0.9999989282695046
5812.5,0.9999989283127572
5816.25,0.9999989283559251
5820.0,0.999998928399009
5823.75,0.999998928442009
5827.5,0.9999989284849252
5831.25,0.999998928527758
5835.0,0.9999989285705073
5838.75,0.9999989286131736
5842.5,0.9999989286557571
5846.25,0.999998928698258
5850.0,0.9999989287406764
5853.75,0.9999989287830127
5857.5,0.9999989288252669
5861.25,0.9999989288674391
5865.0,0.99999892890953
5868.75,0.9999989289515393
5872.5,0.9999989289934678
5876.25,0.999998929035315
5880.0,0.9999989290770815
5883.75,0.9999989291187674
5887.5,0.9999989291603734
5891.25,0.9999989292018988
5895.0,0.9999989292433444
5898.75,0.9999989292847105
5902.5,0.9999989293259969
5906.25,0.9999989293672039
5910.0,0.9999989294083319
5913.75,0.9999989294493811
5917.5,0.9999989294903515
5921.25,0.9999989295312435
5925.0,0.9999989295720572
5928.75,0.9999989296127928
5932.5,0.9999989296534505
5936.25,0.9999989296940304
5940.0,0.9999989297345329
5943.75,0.9999989297749581
5947.5,0.9999989298153062
5951.25,0.9999989298555774
5955.0,0.9999989298957719
5958.75,0.9999989299358898
5962.5,0.9999989299759316
5966.25,0.999998930015897
5970.0,0.9999989300557867
5973.75,0.9999989300956005
5977.5,0.9999989301353388
5981.25,0.9999989301750017
5985.0,0.9999989302145894
5988.75,0.9999989302541022
5992.5,0.9999989302935403
5996.25,0.9999989303329038
6000.0,0.9999989303721927
